{
  "root": [
    {
      "country": {
        "key": "AF",
        "value": "Afghanistan"
      }
    },
    {
      "country": {
        "key": "AL",
        "value": "Albania"
      }
    },
    {
      "country": {
        "key": "DZ",
        "value": "Algeria"
      }
    },
    {
      "country": {
        "key": "AS",
        "value": "American Samoa"
      }
    },
    {
      "country": {
        "key": "AD",
        "value": "Andorra"
      }
    },
    {
      "country": {
        "key": "AO",
        "value": "Angola"
      }
    },
    {
      "country": {
        "key": "AI",
        "value": "Anguilla"
      }
    },
    {
      "country": {
        "key": "AQ",
        "value": "Antarctica"
      }
    },
    {
      "country": {
        "key": "AG",
        "value": "Antigua and Barbuda"
      }
    },
    {
      "country": {
        "key": "AR",
        "value": "Argentina"
      }
    },
    {
      "country": {
        "key": "AM",
        "value": "Armenia"
      }
    },
    {
      "country": {
        "key": "AW",
        "value": "Aruba"
      }
    },
    {
      "country": {
        "key": "AU",
        "value": "Australia"
      }
    },
    {
      "country": {
        "key": "AT",
        "value": "Austria"
      }
    },
    {
      "country": {
        "key": "AZ",
        "value": "Azerbaijan"
      }
    },
    {
      "country": {
        "key": "BS",
        "value": "Bahamas"
      }
    },
    {
      "country": {
        "key": "BH",
        "value": "Bahrain"
      }
    },
    {
      "country": {
        "key": "BD",
        "value": "Bangladesh"
      }
    },
    {
      "country": {
        "key": "BB",
        "value": "Barbados"
      }
    },
    {
      "country": {
        "key": "BY",
        "value": "Belarus"
      }
    },
    {
      "country": {
        "key": "BE",
        "value": "Belgium"
      }
    },
    {
      "country": {
        "key": "BZ",
        "value": "Belize"
      }
    },
    {
      "country": {
        "key": "BJ",
        "value": "Benin"
      }
    },
    {
      "country": {
        "key": "BM",
        "value": "Bermuda"
      }
    },
    {
      "country": {
        "key": "BT",
        "value": "Bhutan"
      }
    },
    {
      "country": {
        "key": "BO",
        "value": "Bolivia"
      }
    },
    {
      "country": {
        "key": "BA",
        "value": "Bosnia and Herzegovina"
      }
    },
    {
      "country": {
        "key": "BW",
        "value": "Botswana"
      }
    },
    {
      "country": {
        "key": "BV",
        "value": "Bouvet Island"
      }
    },
    {
      "country": {
        "key": "BR",
        "value": "Brazil"
      }
    },
    {
      "country": {
        "key": "IO",
        "value": "British Indian Ocean Territory"
      }
    },
    {
      "country": {
        "key": "BN",
        "value": "Brunei Darussalam"
      }
    },
    {
      "country": {
        "key": "BG",
        "value": "Bulgaria"
      }
    },
    {
      "country": {
        "key": "BF",
        "value": "Burkina Faso"
      }
    },
    {
      "country": {
        "key": "BI",
        "value": "Burundi"
      }
    },
    {
      "country": {
        "key": "KH",
        "value": "Cambodia"
      }
    },
    {
      "country": {
        "key": "CM",
        "value": "Cameroon"
      }
    },
    {
      "country": {
        "key": "CA",
        "value": "Canada"
      }
    },
    {
      "country": {
        "key": "CV",
        "value": "Cape Verde"
      }
    },
    {
      "country": {
        "key": "KY",
        "value": "Cayman Islands"
      }
    },
    {
      "country": {
        "key": "CF",
        "value": "Central African Republic"
      }
    },
    {
      "country": {
        "key": "TD",
        "value": "Chad"
      }
    },
    {
      "country": {
        "key": "CL",
        "value": "Chile"
      }
    },
    {
      "country": {
        "key": "CN",
        "value": "China"
      }
    },
    {
      "country": {
        "key": "CX",
        "value": "Christmas Island"
      }
    },
    {
      "country": {
        "key": "CC",
        "value": "Cocos (Keeling) Islands"
      }
    },
    {
      "country": {
        "key": "CO",
        "value": "Colombia"
      }
    },
    {
      "country": {
        "key": "KM",
        "value": "Comoros"
      }
    },
    {
      "country": {
        "key": "CG",
        "value": "Congo"
      }
    },
    {
      "country": {
        "key": "CD",
        "value": "Congo, the Democratic Republic of the"
      }
    },
    {
      "country": {
        "key": "CK",
        "value": "Cook Islands"
      }
    },
    {
      "country": {
        "key": "CR",
        "value": "Costa Rica"
      }
    },
    {
      "country": {
        "key": "CI",
        "value": "Cote D'Ivoire"
      }
    },
    {
      "country": {
        "key": "HR",
        "value": "Croatia"
      }
    },
    {
      "country": {
        "key": "CU",
        "value": "Cuba"
      }
    },
    {
      "country": {
        "key": "CY",
        "value": "Cyprus"
      }
    },
    {
      "country": {
        "key": "CZ",
        "value": "Czech Republic"
      }
    },
    {
      "country": {
        "key": "DK",
        "value": "Denmark"
      }
    },
    {
      "country": {
        "key": "DJ",
        "value": "Djibouti"
      }
    },
    {
      "country": {
        "key": "DM",
        "value": "Dominica"
      }
    },
    {
      "country": {
        "key": "DO",
        "value": "Dominican Republic"
      }
    },
    {
      "country": {
        "key": "EC",
        "value": "Ecuador"
      }
    },
    {
      "country": {
        "key": "EG",
        "value": "Egypt"
      }
    },
    {
      "country": {
        "key": "SV",
        "value": "El Salvador"
      }
    },
    {
      "country": {
        "key": "GQ",
        "value": "Equatorial Guinea"
      }
    },
    {
      "country": {
        "key": "ER",
        "value": "Eritrea"
      }
    },
    {
      "country": {
        "key": "EE",
        "value": "Estonia"
      }
    },
    {
      "country": {
        "key": "ET",
        "value": "Ethiopia"
      }
    },
    {
      "country": {
        "key": "FK",
        "value": "Falkland Islands (Malvinas)"
      }
    },
    {
      "country": {
        "key": "FO",
        "value": "Faroe Islands"
      }
    },
    {
      "country": {
        "key": "FJ",
        "value": "Fiji"
      }
    },
    {
      "country": {
        "key": "FI",
        "value": "Finland"
      }
    },
    {
      "country": {
        "key": "FR",
        "value": "France"
      }
    },
    {
      "country": {
        "key": "GF",
        "value": "French Guiana"
      }
    },
    {
      "country": {
        "key": "PF",
        "value": "French Polynesia"
      }
    },
    {
      "country": {
        "key": "TF",
        "value": "French Southern Territories"
      }
    },
    {
      "country": {
        "key": "GA",
        "value": "Gabon"
      }
    },
    {
      "country": {
        "key": "GM",
        "value": "Gambia"
      }
    },
    {
      "country": {
        "key": "GE",
        "value": "Georgia"
      }
    },
    {
      "country": {
        "key": "DE",
        "value": "Germany"
      }
    },
    {
      "country": {
        "key": "GH",
        "value": "Ghana"
      }
    },
    {
      "country": {
        "key": "GI",
        "value": "Gibraltar"
      }
    },
    {
      "country": {
        "key": "GR",
        "value": "Greece"
      }
    },
    {
      "country": {
        "key": "GL",
        "value": "Greenland"
      }
    },
    {
      "country": {
        "key": "GD",
        "value": "Grenada"
      }
    },
    {
      "country": {
        "key": "GP",
        "value": "Guadeloupe"
      }
    },
    {
      "country": {
        "key": "GU",
        "value": "Guam"
      }
    },
    {
      "country": {
        "key": "GT",
        "value": "Guatemala"
      }
    },
    {
      "country": {
        "key": "GN",
        "value": "Guinea"
      }
    },
    {
      "country": {
        "key": "GW",
        "value": "Guinea-Bissau"
      }
    },
    {
      "country": {
        "key": "GY",
        "value": "Guyana"
      }
    },
    {
      "country": {
        "key": "HT",
        "value": "Haiti"
      }
    },
    {
      "country": {
        "key": "HM",
        "value": "Heard Island and Mcdonald Islands"
      }
    },
    {
      "country": {
        "key": "VA",
        "value": "Holy See (Vatican City State)"
      }
    },
    {
      "country": {
        "key": "HN",
        "value": "Honduras"
      }
    },
    {
      "country": {
        "key": "HK",
        "value": "Hong Kong"
      }
    },
    {
      "country": {
        "key": "HU",
        "value": "Hungary"
      }
    },
    {
      "country": {
        "key": "IS",
        "value": "Iceland"
      }
    },
    {
      "country": {
        "key": "IN",
        "value": "India"
      }
    },
    {
      "country": {
        "key": "ID",
        "value": "Indonesia"
      }
    },
    {
      "country": {
        "key": "IR",
        "value": "Iran, Islamic Republic of"
      }
    },
    {
      "country": {
        "key": "IQ",
        "value": "Iraq"
      }
    },
    {
      "country": {
        "key": "IE",
        "value": "Ireland"
      }
    },
    {
      "country": {
        "key": "IL",
        "value": "Israel"
      }
    },
    {
      "country": {
        "key": "IT",
        "value": "Italy"
      }
    },
    {
      "country": {
        "key": "JM",
        "value": "Jamaica"
      }
    },
    {
      "country": {
        "key": "JP",
        "value": "Japan"
      }
    },
    {
      "country": {
        "key": "JO",
        "value": "Jordan"
      }
    },
    {
      "country": {
        "key": "KZ",
        "value": "Kazakhstan"
      }
    },
    {
      "country": {
        "key": "KE",
        "value": "Kenya"
      }
    },
    {
      "country": {
        "key": "KI",
        "value": "Kiribati"
      }
    },
    {
      "country": {
        "key": "KP",
        "value": "Korea, Democratic People's Republic of"
      }
    },
    {
      "country": {
        "key": "KR",
        "value": "Korea, Republic of"
      }
    },
    {
      "country": {
        "key": "KW",
        "value": "Kuwait"
      }
    },
    {
      "country": {
        "key": "KG",
        "value": "Kyrgyzstan"
      }
    },
    {
      "country": {
        "key": "LA",
        "value": "Lao People's Democratic Republic"
      }
    },
    {
      "country": {
        "key": "LV",
        "value": "Latvia"
      }
    },
    {
      "country": {
        "key": "LB",
        "value": "Lebanon"
      }
    },
    {
      "country": {
        "key": "LS",
        "value": "Lesotho"
      }
    },
    {
      "country": {
        "key": "LR",
        "value": "Liberia"
      }
    },
    {
      "country": {
        "key": "LY",
        "value": "Libyan Arab Jamahiriya"
      }
    },
    {
      "country": {
        "key": "LI",
        "value": "Liechtenstein"
      }
    },
    {
      "country": {
        "key": "LT",
        "value": "Lithuania"
      }
    },
    {
      "country": {
        "key": "LU",
        "value": "Luxembourg"
      }
    },
    {
      "country": {
        "key": "MO",
        "value": "Macao"
      }
    },
    {
      "country": {
        "key": "MK",
        "value": "Macedonia, the Former Yugoslav Republic of"
      }
    },
    {
      "country": {
        "key": "MG",
        "value": "Madagascar"
      }
    },
    {
      "country": {
        "key": "MW",
        "value": "Malawi"
      }
    },
    {
      "country": {
        "key": "MY",
        "value": "Malaysia"
      }
    },
    {
      "country": {
        "key": "MV",
        "value": "Maldives"
      }
    },
    {
      "country": {
        "key": "ML",
        "value": "Mali"
      }
    },
    {
      "country": {
        "key": "MT",
        "value": "Malta"
      }
    },
    {
      "country": {
        "key": "MH",
        "value": "Marshall Islands"
      }
    },
    {
      "country": {
        "key": "MQ",
        "value": "Martinique"
      }
    },
    {
      "country": {
        "key": "MR",
        "value": "Mauritania"
      }
    },
    {
      "country": {
        "key": "MU",
        "value": "Mauritius"
      }
    },
    {
      "country": {
        "key": "YT",
        "value": "Mayotte"
      }
    },
    {
      "country": {
        "key": "MX",
        "value": "Mexico"
      }
    },
    {
      "country": {
        "key": "FM",
        "value": "Micronesia, Federated States of"
      }
    },
    {
      "country": {
        "key": "MD",
        "value": "Moldova, Republic of"
      }
    },
    {
      "country": {
        "key": "MC",
        "value": "Monaco"
      }
    },
    {
      "country": {
        "key": "MN",
        "value": "Mongolia"
      }
    },
    {
      "country": {
        "key": "MS",
        "value": "Montserrat"
      }
    },
    {
      "country": {
        "key": "MA",
        "value": "Morocco"
      }
    },
    {
      "country": {
        "key": "MZ",
        "value": "Mozambique"
      }
    },
    {
      "country": {
        "key": "MM",
        "value": "Myanmar"
      }
    },
    {
      "country": {
        "key": "NA",
        "value": "Namibia"
      }
    },
    {
      "country": {
        "key": "NR",
        "value": "Nauru"
      }
    },
    {
      "country": {
        "key": "NP",
        "value": "Nepal"
      }
    },
    {
      "country": {
        "key": "NL",
        "value": "Netherlands"
      }
    },
    {
      "country": {
        "key": "AN",
        "value": "Netherlands Antilles"
      }
    },
    {
      "country": {
        "key": "NC",
        "value": "New Caledonia"
      }
    },
    {
      "country": {
        "key": "NZ",
        "value": "New Zealand"
      }
    },
    {
      "country": {
        "key": "NI",
        "value": "Nicaragua"
      }
    },
    {
      "country": {
        "key": "NE",
        "value": "Niger"
      }
    },
    {
      "country": {
        "key": "NG",
        "value": "Nigeria"
      }
    },
    {
      "country": {
        "key": "NU",
        "value": "Niue"
      }
    },
    {
      "country": {
        "key": "NF",
        "value": "Norfolk Island"
      }
    },
    {
      "country": {
        "key": "MP",
        "value": "Northern Mariana Islands"
      }
    },
    {
      "country": {
        "key": "NO",
        "value": "Norway"
      }
    },
    {
      "country": {
        "key": "OM",
        "value": "Oman"
      }
    },
    {
      "country": {
        "key": "PK",
        "value": "Pakistan"
      }
    },
    {
      "country": {
        "key": "PW",
        "value": "Palau"
      }
    },
    {
      "country": {
        "key": "PS",
        "value": "Palestinian Territory, Occupied"
      }
    },
    {
      "country": {
        "key": "PA",
        "value": "Panama"
      }
    },
    {
      "country": {
        "key": "PG",
        "value": "Papua New Guinea"
      }
    },
    {
      "country": {
        "key": "PY",
        "value": "Paraguay"
      }
    },
    {
      "country": {
        "key": "PE",
        "value": "Peru"
      }
    },
    {
      "country": {
        "key": "PH",
        "value": "Philippines"
      }
    },
    {
      "country": {
        "key": "PN",
        "value": "Pitcairn"
      }
    },
    {
      "country": {
        "key": "PL",
        "value": "Poland"
      }
    },
    {
      "country": {
        "key": "PT",
        "value": "Portugal"
      }
    },
    {
      "country": {
        "key": "PR",
        "value": "Puerto Rico"
      }
    },
    {
      "country": {
        "key": "QA",
        "value": "Qatar"
      }
    },
    {
      "country": {
        "key": "RE",
        "value": "Reunion"
      }
    },
    {
      "country": {
        "key": "RO",
        "value": "Romania"
      }
    },
    {
      "country": {
        "key": "RU",
        "value": "Russian Federation"
      }
    },
    {
      "country": {
        "key": "RW",
        "value": "Rwanda"
      }
    },
    {
      "country": {
        "key": "SH",
        "value": "Saint Helena"
      }
    },
    {
      "country": {
        "key": "KN",
        "value": "Saint Kitts and Nevis"
      }
    },
    {
      "country": {
        "key": "LC",
        "value": "Saint Lucia"
      }
    },
    {
      "country": {
        "key": "PM",
        "value": "Saint Pierre and Miquelon"
      }
    },
    {
      "country": {
        "key": "VC",
        "value": "Saint Vincent and the Grenadines"
      }
    },
    {
      "country": {
        "key": "WS",
        "value": "Samoa"
      }
    },
    {
      "country": {
        "key": "SM",
        "value": "San Marino"
      }
    },
    {
      "country": {
        "key": "ST",
        "value": "Sao Tome and Principe"
      }
    },
    {
      "country": {
        "key": "SA",
        "value": "Saudi Arabia"
      }
    },
    {
      "country": {
        "key": "SN",
        "value": "Senegal"
      }
    },
    {
      "country": {
        "key": "CS",
        "value": "Serbia and Montenegro"
      }
    },
    {
      "country": {
        "key": "SC",
        "value": "Seychelles"
      }
    },
    {
      "country": {
        "key": "SL",
        "value": "Sierra Leone"
      }
    },
    {
      "country": {
        "key": "SG",
        "value": "Singapore"
      }
    },
    {
      "country": {
        "key": "SK",
        "value": "Slovakia"
      }
    },
    {
      "country": {
        "key": "SI",
        "value": "Slovenia"
      }
    },
    {
      "country": {
        "key": "SB",
        "value": "Solomon Islands"
      }
    },
    {
      "country": {
        "key": "SO",
        "value": "Somalia"
      }
    },
    {
      "country": {
        "key": "ZA",
        "value": "South Africa"
      }
    },
    {
      "country": {
        "key": "GS",
        "value": "South Georgia and the South Sandwich Islands"
      }
    },
    {
      "country": {
        "key": "ES",
        "value": "Spain"
      }
    },
    {
      "country": {
        "key": "LK",
        "value": "Sri Lanka"
      }
    },
    {
      "country": {
        "key": "SD",
        "value": "Sudan"
      }
    },
    {
      "country": {
        "key": "SR",
        "value": "Suriname"
      }
    },
    {
      "country": {
        "key": "SJ",
        "value": "Svalbard and Jan Mayen"
      }
    },
    {
      "country": {
        "key": "SZ",
        "value": "Swaziland"
      }
    },
    {
      "country": {
        "key": "SE",
        "value": "Sweden"
      }
    },
    {
      "country": {
        "key": "CH",
        "value": "Switzerland"
      }
    },
    {
      "country": {
        "key": "SY",
        "value": "Syrian Arab Republic"
      }
    },
    {
      "country": {
        "key": "TW",
        "value": "Taiwan, Province of China"
      }
    },
    {
      "country": {
        "key": "TJ",
        "value": "Tajikistan"
      }
    },
    {
      "country": {
        "key": "TZ",
        "value": "Tanzania, United Republic of"
      }
    },
    {
      "country": {
        "key": "TH",
        "value": "Thailand"
      }
    },
    {
      "country": {
        "key": "TL",
        "value": "Timor-Leste"
      }
    },
    {
      "country": {
        "key": "TG",
        "value": "Togo"
      }
    },
    {
      "country": {
        "key": "TK",
        "value": "Tokelau"
      }
    },
    {
      "country": {
        "key": "TO",
        "value": "Tonga"
      }
    },
    {
      "country": {
        "key": "TT",
        "value": "Trinidad and Tobago"
      }
    },
    {
      "country": {
        "key": "TN",
        "value": "Tunisia"
      }
    },
    {
      "country": {
        "key": "TR",
        "value": "Turkey"
      }
    },
    {
      "country": {
        "key": "TM",
        "value": "Turkmenistan"
      }
    },
    {
      "country": {
        "key": "TC",
        "value": "Turks and Caicos Islands"
      }
    },
    {
      "country": {
        "key": "TV",
        "value": "Tuvalu"
      }
    },
    {
      "country": {
        "key": "UG",
        "value": "Uganda"
      }
    },
    {
      "country": {
        "key": "UA",
        "value": "Ukraine"
      }
    },
    {
      "country": {
        "key": "AE",
        "value": "United Arab Emirates"
      }
    },
    {
      "country": {
        "key": "GB",
        "value": "United Kingdom"
      }
    },
    {
      "country": {
        "key": "US",
        "value": "United States"
      }
    },
    {
      "country": {
        "key": "UM",
        "value": "United States Minor Outlying Islands"
      }
    },
    {
      "country": {
        "key": "UY",
        "value": "Uruguay"
      }
    },
    {
      "country": {
        "key": "UZ",
        "value": "Uzbekistan"
      }
    },
    {
      "country": {
        "key": "VU",
        "value": "Vanuatu"
      }
    },
    {
      "country": {
        "key": "VE",
        "value": "Venezuela"
      }
    },
    {
      "country": {
        "key": "VN",
        "value": "Viet Nam"
      }
    },
    {
      "country": {
        "key": "VG",
        "value": "Virgin Islands, British"
      }
    },
    {
      "country": {
        "key": "VI",
        "value": "Virgin Islands, US"
      }
    },
    {
      "country": {
        "key": "WF",
        "value": "Wallis and Futuna"
      }
    },
    {
      "country": {
        "key": "EH",
        "value": "Western Sahara"
      }
    },
    {
      "country": {
        "key": "YE",
        "value": "Yemen"
      }
    },
    {
      "country": {
        "key": "ZM",
        "value": "Zambia"
      }
    },
    {
      "country": {
        "key": "ZW",
        "value": "Zimbabwe"
      }
    }
  ]
}