{
  "root": [
     {
      "couleur": {
        "key": "na",
        "value": "Aucune Préference"
      }
    },
    {
      "couleur": {
        "key": "translucide",
        "value": "Translucide"
      }
    },
    {
      "couleur": {
        "key": "brune",
        "value": "Brune"
      }
    },
    {
      "couleur": {
        "key": "rouge",
        "value": "Rouge"
      }
    },
    {
      "couleur": {
        "key": "noir",
        "value": "Noir"
      }
    },
    {
      "couleur": {
        "key": "ambre",
        "value": "Ambré"
      }
    },
    {
      "couleur": {
        "key": "blonc",
        "value": "Blonc"
      }
    },
    {
      "couleur": {
        "key": "dore",
        "value": "Dorée"
      }
    }
  ]
}