{
  "root": [
    {
      "brasserie": {
        "name": "les chevaux ont-ils des poux?",
        "desc": "Serieusement parceque ca doit les gratter a force",
        "nbNote": 1,
        "noteTotal": 50,
        "loc": "re",
        "image": [
          "",
          "",
          ""
        ]
      }
    },
    {
      "brasserie": {
        "name": "trop cool",
        "desc": "je joue juste avec les données c pas mechant",
        "nbNote": 1,
        "noteTotal": 50,
        "loc": "ao",
        "image": [
          "",
          "",
          ""
        ]
      }
    },
    {
      "brasserie": {
        "name": "ersdf",
        "desc": "edfd",
        "nbNote": 1,
        "noteTotal": 50,
        "loc": "fr",
        "image": [
          "",
          "",
          ""
        ]
      }
    },
    {
      "brasserie": {
        "name": "jenpeuxplus",
        "desc": "achevez moi bordel cest pas compliqu\"",
        "nbNote": 1,
        "noteTotal": 50,
        "loc": "kp",
        "image": [
          "",
          "",
          ""
        ]
      }
    }
  ]
}