{
  "root": [
    {
      "brasserie": {
        "name": "ersdf",
        "desc": "edfd",
        "nbNote": 1,
        "noteTotal": 50,
        "loc": "fr",
        "image": [
          "",
          "",
          ""
        ]
      }
    },
    {
      "brasserie": {
        "name": "jenpeuxplus",
        "desc": "achevez moi bordel cest pas compliqu\"",
        "nbNote": 1,
        "noteTotal": 50,
        "loc": "kp",
        "image": [
          "",
          "",
          ""
        ]
      }
    }
  ]
}