{
  "root": [
     {
      "spec": {
        "key": "na",
        "value": "Aucune Préference"
      }
    },
    {
      "spec": {
        "key": "poivre",
        "value": "Touche Poivré"
      }
    },
    {
      "spec": {
        "key": "fut_chene",
        "value": "Fermenté en Fût de Chêne"
      }
    },
    {
      "spec": {
        "key": "sake",
        "value": "Fermentation au Sake"
      }
    },
    {
      "spec": {
        "key": "null",
        "value": "Aucune Spécificités Particulières"
      }
    }
  ]
}