{
  "root": [
    {
      "brasserie": {
        "name": "jenpeuxervdfplus",
        "desc": "achevez moi bordel cest pas compliqu\"",
        "nbNote": 1,
        "noteTotal": 50,
        "loc": "kp",
        "image": [
          "data/logo.png",
          "data/logo.png",
          "data/logo.png"
        ]
      }
    },
    {
      "brasserie": {
        "name": "erssdsdf",
        "desc": "edfd",
        "nbNote": 1,
        "noteTotal": 50,
        "loc": "fr",
        "image": [
          "data/logo.png",
          "data/logo.png",
          "data/logo.png"
        ]
      }
    },
    {
      "brasserie": {
        "name": "Tuez moi encore et encore",
        "desc": "jvais me pendre",
        "nbNote": 1,
        "noteTotal": 50,
        "loc": "ai",
        "image": [
          "data/logo.png",
          "data/logo.png",
          "data/logo.png"
        ]
      }
    },
    {
      "brasserie": {
        "name": "EFUYDGSH moi",
        "desc": "jvais me pendre",
        "nbNote": 1,
        "noteTotal": 50,
        "loc": "ai",
        "image": [
          "data/logo.png",
          "data/logo.png",
          "data/logo.png"
        ]
      }
    },
    {
      "brasserie": {
        "name": "Tuez moi",
        "desc": "jvais me pendre",
        "nbNote": 1,
        "noteTotal": 50,
        "loc": "ai",
        "image": [
          "data/logo.png",
          "data/logo.png",
          "data/logo.png"
        ]
      }
    },
    {
      "brasserie": {
        "name": "Je suis un Super test",
        "desc": "Impressionant! Le clean up va etre super long...",
        "nbNote": 1,
        "noteTotal": 50,
        "loc": "af",
        "image": [
          "data/logo.png",
          "data/logo.png",
          "data/logo.png"
        ]
      }
    },
    {
      "brasserie": {
        "name": "oui",
        "desc": "ouioui",
        "nbNote": 1,
        "noteTotal": 50,
        "loc": "fr",
        "image": [
          "data/logo.png",
          "data/logo.png",
          "data/logo.png"
        ]
      }
    }
  ]
}